ImageId,Label
0003,cat
0010,dog
0011,cat
0012,cat
0018,cat
0019,dog
0022,cat
0024,dog
0027,cat
0029,dog
0032,cat
0033,cat
0038,dog
0042,cat
0046,cat
0051,dog
0052,dog
0072,dog
0073,cat
0100,dog
0102,cat
0103,cat
0107,dog
0112,cat
0121,dog
0122,cat
0130,cat
0133,dog
0136,dog
0137,dog
0139,cat
0140,cat
0144,cat
0148,cat
0149,cat
0150,cat
0151,dog
0162,cat
0163,dog
0177,dog
0181,dog
0185,dog
0188,cat
0197,dog
0198,cat
0202,dog
0210,cat
0211,dog
0212,cat
0213,cat
0231,dog
0232,cat
0248,cat
0249,cat
0255,cat
0264,dog
0266,dog
0275,cat
0280,cat
0286,cat
0288,cat
0291,cat
0292,dog
0293,dog
0299,cat
0301,cat
0309,cat
0311,cat
0314,cat
0318,cat
0333,cat
0359,dog
0361,cat
0362,dog
0370,cat
0372,dog
0379,dog
0386,cat
0389,dog
0393,cat
0397,cat
0402,dog
0407,dog
0411,dog
0433,cat
0434,cat
0444,cat
0448,cat
0450,cat
0452,dog
0457,dog
0460,dog
0476,dog
0477,cat
0486,cat
0493,cat
0497,dog
0504,cat
0507,cat
0510,cat
0522,cat
0523,dog
0530,dog
0541,cat
0555,cat
0557,cat
0567,cat
0568,cat
0573,cat
0574,dog
0588,dog
0590,cat
0602,dog
0603,dog
0609,dog
0610,dog
0622,dog
0627,dog
0634,cat
0637,dog
0638,cat
0641,dog
0643,cat
0644,dog
0647,dog
0652,cat
0653,dog
0658,dog
0665,dog
0683,cat
0688,cat
0691,cat
0692,dog
0703,cat
0704,cat
0705,dog
0714,cat
0717,dog
0718,cat
0728,dog
0737,dog
0743,cat
0746,dog
0747,dog
0749,dog
0752,cat
0756,cat
0767,cat
0769,dog
0770,dog
0778,cat
0789,dog
0791,cat
0840,cat
0847,cat
0849,cat
0855,dog
0856,dog
0869,cat
0877,cat
0902,cat
0903,dog
0911,dog
0932,cat
0936,cat
0940,cat
0941,dog
0942,cat
0947,dog
0955,cat
0959,cat
0965,cat
0966,dog
0969,dog
0974,dog
0985,cat
0986,cat
0988,cat
0989,cat
0994,dog
0995,dog
0996,cat
10005,dog
10006,dog
10011,cat
10012,cat
10021,cat
10028,cat
10032,cat
10036,cat
10038,cat
10047,cat
10052,cat
10056,cat
10057,dog
10062,cat
10066,cat
10075,dog
1008,dog
10081,cat
10084,dog
10085,cat
10088,cat
10093,dog
10099,dog
1010,cat
10109,cat
10118,cat
10126,cat
10130,cat
10135,dog
1014,dog
10145,dog
1015,cat
10150,dog
10154,cat
10158,cat
10159,dog
10165,cat
10171,dog
10180,cat
10191,dog
10195,dog
10200,cat
10202,cat
10205,cat
10208,cat
10209,cat
10212,dog
10217,cat
10218,dog
1022,dog
10247,cat
10248,dog
10253,cat
10257,cat
10258,cat
1026,dog
10260,dog
10273,cat
10278,cat
1028,cat
10285,dog
10287,dog
1029,cat
10291,dog
10294,cat
10311,cat
10313,cat
10315,dog
10327,dog
10328,cat
1033,cat
10339,cat
10342,cat
10345,dog
10346,dog
10379,dog
10381,cat
10384,dog
10391,dog
10404,dog
10406,cat
10407,cat
10409,cat
10411,cat
10412,cat
10426,cat
10427,cat
10432,cat
10440,cat
10444,cat
10445,cat
10449,dog
10453,cat
10456,cat
10458,dog
10470,dog
10473,cat
10475,cat
1048,dog
10480,dog
10481,cat
10492,cat
10496,cat
10501,dog
1051,cat
10511,cat
10512,dog
10513,cat
10516,cat
10521,dog
10522,cat
10524,cat
1053,cat
10536,dog
10543,dog
10544,cat
10550,dog
10554,dog
10557,cat
10558,dog
10561,cat
10562,dog
10573,dog
10574,dog
10576,cat
10578,cat
10579,dog
10581,cat
10604,dog
10607,cat
1061,cat
10610,cat
10612,cat
10615,cat
10622,dog
1063,dog
10630,dog
10637,cat
10638,cat
10641,cat
10642,dog
10647,cat
10649,dog
10650,cat
10662,dog
10664,dog
10666,cat
10673,cat
10676,dog
1068,dog
10686,cat
10688,cat
10690,cat
10691,dog
10695,dog
10697,cat
10699,cat
10700,dog
10705,dog
1071,dog
10717,dog
10719,dog
10722,dog
10726,cat
10731,cat
10735,dog
10738,dog
10740,cat
10742,dog
10746,dog
10751,cat
10753,cat
10754,cat
10756,cat
10758,cat
10759,dog
1076,cat
10761,cat
10764,dog
10766,cat
10770,cat
10772,cat
10774,dog
10777,dog
10779,cat
1079,dog
10793,cat
10803,cat
10810,dog
10811,dog
10813,dog
10815,dog
10816,dog
10818,dog
10819,cat
10826,dog
10831,dog
10834,dog
10839,cat
10848,cat
10849,cat
10862,cat
10863,cat
10864,cat
10866,cat
10872,cat
10875,dog
10876,cat
10877,cat
10878,cat
1088,cat
10881,dog
10885,cat
10899,dog
10901,dog
10907,dog
10920,cat
10923,dog
10924,cat
1093,cat
10936,cat
10938,cat
10939,cat
10949,cat
1095,cat
10950,cat
10951,cat
10953,cat
10954,cat
10957,cat
10959,cat
10962,cat
10970,cat
10977,cat
10979,dog
1098,cat
10985,dog
10989,dog
11013,dog
11015,dog
11019,cat
1102,cat
11022,dog
11025,cat
11029,dog
11036,cat
11038,dog
1104,dog
11050,cat
11053,cat
1106,dog
11063,dog
11072,dog
11074,cat
11081,cat
11090,dog
11105,dog
11111,cat
11115,cat
11116,cat
11121,cat
11127,dog
11130,dog
11131,dog
11139,cat
11141,dog
11142,dog
11143,cat
11145,dog
11152,dog
11163,cat
11167,cat
1117,dog
11172,dog
11175,cat
11181,dog
1119,cat
11197,cat
11200,cat
11206,cat
11208,cat
11209,cat
1121,dog
11212,cat
11214,dog
11224,dog
1123,cat
11231,dog
11242,dog
11245,dog
11246,dog
11249,dog
11261,cat
11263,cat
11264,dog
11267,cat
11270,cat
11282,cat
11285,cat
1129,dog
11294,cat
11306,dog
11307,cat
11309,cat
1131,cat
11318,dog
11321,dog
11323,cat
11327,cat
11328,cat
11338,dog
11339,dog
1134,cat
11344,cat
11346,cat
11353,dog
11359,dog
11360,cat
11371,cat
11373,cat
11375,cat
11386,cat
1139,dog
11393,cat
11394,dog
11396,cat
11398,dog
11407,dog
11419,dog
11430,dog
11431,dog
11434,dog
11447,cat
11450,dog
11451,cat
11452,cat
11454,cat
11465,cat
11475,cat
11497,cat
11499,cat
11510,dog
11511,cat
11523,dog
11525,cat
11528,cat
11533,dog
11538,dog
11539,cat
1154,cat
11540,cat
11542,cat
11546,dog
11549,dog
11553,dog
1156,cat
11573,dog
11583,dog
11591,dog
11614,cat
11622,cat
11625,cat
11626,cat
11641,dog
11642,dog
11652,dog
11654,dog
11655,cat
11661,cat
11667,cat
11669,cat
1167,cat
11674,cat
11691,cat
11692,dog
11695,cat
11697,cat
11700,dog
11701,cat
11711,dog
11714,dog
11720,cat
11726,dog
11728,dog
1173,cat
11734,dog
11737,dog
11742,cat
11758,dog
1176,dog
11763,cat
11776,cat
11781,cat
11784,cat
11789,dog
1179,cat
11790,dog
11793,dog
11809,dog
1181,cat
11811,dog
11814,cat
1182,cat
11825,cat
11832,dog
11843,cat
11850,cat
11855,dog
11858,dog
11859,dog
11860,cat
11863,dog
11869,dog
11873,dog
1188,dog
11881,cat
11895,dog
11899,cat
11900,dog
11901,dog
11906,cat
11908,dog
11909,cat
11916,cat
11917,cat
11922,cat
11924,cat
11925,cat
11933,dog
11935,dog
11937,dog
11942,cat
11945,dog
11948,cat
11967,cat
11968,dog
11969,dog
11971,dog
11975,cat
11978,cat
11984,cat
11987,cat
11990,cat
11991,dog
11999,cat
1200,dog
12002,cat
12006,cat
1201,cat
12010,dog
12018,cat
12019,cat
12021,cat
12022,dog
12038,dog
12041,dog
12048,dog
1205,dog
12053,cat
12055,dog
12059,dog
1206,dog
12065,cat
12066,cat
12073,cat
12081,cat
12082,cat
12084,dog
12087,cat
12088,dog
1209,dog
12092,dog
12096,cat
12097,cat
12098,cat
12099,dog
12100,cat
12104,cat
12106,dog
12125,cat
12129,cat
12132,dog
12133,dog
12140,cat
12148,dog
12152,dog
12160,dog
12170,dog
12172,cat
12173,dog
12174,cat
12175,cat
12180,dog
12186,dog
12190,cat
12191,cat
12201,cat
12214,cat
12216,cat
12218,cat
12220,cat
12221,dog
12224,cat
12228,cat
12246,cat
12260,dog
12268,dog
12281,cat
12284,cat
12290,cat
12293,cat
12295,dog
12303,cat
12308,cat
1231,dog
12318,dog
12322,cat
12323,cat
12326,dog
12328,cat
12335,cat
12337,dog
12341,dog
12342,cat
12343,dog
12350,cat
12353,cat
12356,cat
12360,cat
12365,cat
12369,cat
12373,dog
12375,cat
1238,cat
12380,dog
12388,dog
12389,cat
1239,cat
12394,cat
12399,dog
1240,dog
12404,dog
12406,cat
12407,dog
1241,cat
12414,cat
12415,dog
1242,dog
12430,dog
12432,cat
12439,dog
12442,dog
12451,cat
12459,cat
1246,cat
12473,cat
1248,cat
12481,dog
12484,cat
12494,dog
12496,cat
12499,dog
12500,dog
12501,dog
12503,cat
12504,cat
12505,dog
12507,dog
12510,dog
12511,dog
12512,cat
12514,dog
12521,cat
12524,cat
12530,cat
12532,dog
12534,cat
12537,cat
12538,cat
12547,cat
12553,cat
12560,dog
12561,cat
12563,dog
12573,dog
12574,dog
12576,dog
12580,dog
12594,dog
12597,dog
12598,cat
1260,cat
12607,dog
12610,dog
12614,cat
12615,cat
12619,dog
12623,dog
12627,cat
12628,cat
12632,dog
12634,cat
12643,dog
12647,dog
12649,cat
12652,dog
12656,cat
12658,cat
12661,dog
12662,dog
12664,dog
12681,dog
12687,dog
12697,dog
12700,cat
12703,cat
12704,cat
12714,cat
12715,dog
12716,cat
12719,cat
12738,cat
12739,cat
12745,dog
12746,cat
12747,cat
12749,cat
12752,dog
12753,cat
12762,cat
1277,cat
12774,dog
12777,cat
12778,dog
1278,cat
12780,cat
12791,cat
12798,cat
12808,dog
12811,cat
12813,dog
12825,cat
12826,dog
1283,dog
12843,dog
12847,dog
12849,cat
12857,cat
12858,dog
12859,cat
12864,cat
12866,cat
12869,cat
1288,cat
12886,cat
12887,cat
1289,dog
12902,cat
12903,cat
12904,dog
12906,cat
12907,dog
12908,dog
12910,cat
12912,dog
12913,cat
12916,cat
1292,dog
1293,dog
12931,dog
12938,cat
12940,cat
12949,dog
12951,cat
1296,dog
12964,dog
12967,dog
12969,cat
12975,dog
12984,cat
12992,cat
1300,cat
13003,cat
13004,cat
13018,cat
1302,cat
13023,dog
13025,dog
13026,cat
13027,cat
13029,dog
13030,cat
13032,cat
13061,dog
13075,dog
13092,cat
13094,dog
13103,cat
13105,cat
13109,cat
1312,cat
13126,cat
13128,dog
13134,dog
13143,cat
1316,cat
13160,cat
13173,cat
13178,cat
13182,dog
13183,cat
1319,dog
13200,dog
13207,dog
13214,dog
13224,dog
1323,cat
13236,cat
13242,dog
13245,cat
13247,cat
13249,cat
13260,cat
13267,dog
1327,cat
13273,dog
13279,cat
13280,cat
13282,cat
13286,dog
1329,cat
13297,cat
13299,dog
13301,cat
13305,dog
13307,cat
13309,cat
13313,cat
13317,cat
13321,dog
13333,cat
13335,cat
13338,cat
13341,dog
13344,cat
13346,dog
13353,cat
13355,cat
13360,cat
13369,cat
13370,cat
13371,dog
13374,cat
1338,cat
13380,dog
13391,dog
13395,dog
13403,cat
13405,cat
13406,dog
13413,cat
13417,cat
13422,dog
13424,cat
13426,cat
13429,dog
13430,cat
13432,dog
13434,cat
13451,cat
13461,dog
13470,cat
13471,cat
1348,dog
13482,dog
1349,cat
13494,cat
13497,cat
13505,cat
13511,dog
13513,cat
13514,cat
13519,dog
13520,dog
13524,cat
13529,cat
13532,dog
13536,dog
13539,cat
13543,cat
13544,dog
13546,dog
13549,cat
13551,cat
13560,dog
13563,cat
13564,dog
13566,dog
1357,cat
13573,cat
13580,cat
13587,dog
13594,cat
13595,cat
13609,cat
1361,cat
13621,cat
13623,dog
13626,cat
13629,cat
13633,dog
13640,dog
13651,dog
13653,cat
1366,cat
13661,cat
13664,cat
13671,dog
13672,cat
13678,cat
13680,dog
13684,dog
13685,cat
1370,cat
13706,cat
13713,cat
1372,cat
13727,cat
13735,cat
13748,cat
1375,dog
13758,dog
13768,dog
13775,cat
13776,dog
13783,cat
13787,cat
13796,dog
13799,cat
13807,dog
13808,cat
13819,dog
13834,dog
1384,dog
13841,cat
13847,dog
1385,dog
13850,cat
13852,cat
13853,dog
13861,cat
13868,cat
13878,dog
13881,cat
13883,dog
13887,cat
13898,dog
13906,cat
13909,cat
13917,cat
13920,cat
13927,cat
13929,cat
1393,dog
13932,dog
13936,cat
13937,cat
13939,cat
13946,cat
13948,cat
13949,cat
13960,cat
13963,dog
13964,dog
13966,cat
13970,cat
13973,cat
13974,cat
13977,cat
13979,cat
1398,cat
13980,cat
13987,cat
13988,cat
13991,cat
13995,cat
14005,dog
14006,cat
14021,dog
14028,cat
14029,dog
14037,cat
14038,dog
14039,dog
14043,cat
14044,cat
14052,dog
14054,cat
14059,dog
1406,cat
14063,cat
14064,cat
14067,cat
14072,cat
14081,cat
14084,dog
14088,dog
14096,cat
1410,cat
14102,dog
14108,cat
14114,dog
14118,dog
14122,cat
14128,dog
14138,cat
14148,cat
1415,cat
1416,cat
14169,cat
14171,cat
14183,dog
14189,dog
14190,dog
14193,cat
14199,cat
14201,cat
14202,dog
14209,cat
14211,dog
14216,cat
14232,cat
14234,cat
14241,cat
14243,cat
14244,dog
14253,cat
14262,cat
14263,dog
14268,cat
14272,cat
14277,dog
1428,cat
14280,cat
14281,dog
14284,cat
14287,cat
14292,dog
14293,cat
14295,dog
14307,cat
14311,dog
14313,dog
14319,cat
14329,dog
14330,cat
14332,dog
14335,cat
14342,dog
14345,dog
14347,dog
14348,cat
14353,dog
14354,cat
14360,dog
14361,dog
14364,dog
14367,dog
14370,dog
14371,cat
14373,cat
14375,cat
14382,dog
14383,cat
14385,dog
14391,dog
14392,cat
14393,dog
1440,cat
1441,cat
14410,dog
14441,dog
14443,cat
14444,cat
14451,dog
14469,dog
14471,cat
14476,cat
14480,dog
1449,cat
14493,dog
14506,cat
14508,dog
14511,dog
14512,cat
14513,cat
14523,dog
14524,dog
14525,cat
14537,dog
14538,dog
14540,dog
14543,dog
14550,cat
14552,cat
14556,cat
14565,cat
14570,cat
14580,cat
14581,cat
14588,dog
14598,cat
14599,dog
1460,cat
14601,cat
14603,cat
14607,cat
14624,dog
14627,dog
14628,cat
14637,cat
14641,cat
14646,dog
14648,dog
14652,dog
14655,cat
1466,dog
14668,cat
14678,cat
14684,dog
14686,dog
14698,dog
14699,cat
1470,dog
14701,dog
14704,dog
14706,dog
14714,cat
14716,dog
1472,cat
14724,dog
14729,cat
14730,cat
14734,cat
14736,cat
14737,cat
14741,dog
14744,cat
14745,dog
14752,dog
14764,cat
14766,cat
14771,cat
14774,cat
14776,dog
1478,dog
14782,dog
14787,cat
14789,cat
14790,dog
14791,dog
14801,dog
14802,dog
14808,dog
14809,cat
1481,dog
14810,cat
14811,dog
14813,dog
14852,dog
14853,dog
14856,dog
14861,dog
14864,cat
14867,cat
14876,cat
14877,cat
1488,cat
14884,cat
14887,cat
14889,dog
14902,cat
14911,cat
14913,cat
14914,cat
14915,dog
14931,cat
14949,cat
14958,cat
1496,cat
14962,cat
14966,cat
14969,dog
14973,cat
14975,dog
14978,cat
1498,dog
14980,dog
14984,cat
14990,cat
15000,cat
1501,dog
15016,cat
15017,cat
15021,cat
15027,cat
15031,cat
15037,cat
15038,dog
15039,dog
15042,dog
15049,dog
15057,cat
15061,dog
15063,cat
1507,dog
15083,cat
15088,cat
15092,cat
15096,cat
15100,cat
15101,dog
15108,dog
15114,cat
15116,cat
15117,cat
15118,dog
15120,cat
1513,dog
15131,dog
15134,cat
15136,cat
15143,dog
1515,cat
15156,cat
15162,cat
15165,cat
15167,dog
1517,cat
15174,cat
15176,cat
15181,cat
1519,cat
15191,dog
15192,cat
15196,cat
15202,dog
15205,dog
1521,dog
15215,cat
1522,dog
15232,cat
15236,cat
15237,cat
15238,cat
15243,cat
15245,cat
15257,cat
1526,dog
15261,cat
15263,dog
15266,cat
15268,dog
15270,cat
15277,cat
15279,dog
15283,cat
15287,cat
15292,cat
15294,cat
15295,dog
15298,cat
15301,dog
15306,cat
15314,dog
15320,dog
15327,cat
15331,cat
15340,dog
15348,cat
15355,cat
15358,cat
15362,dog
15366,dog
15370,cat
15375,dog
15376,dog
15388,cat
15389,dog
15391,dog
15394,cat
15395,cat
15397,dog
15400,dog
15409,cat
15427,dog
15428,dog
15429,dog
15432,dog
15438,dog
15439,cat
15446,cat
15456,dog
15466,dog
15471,cat
15474,dog
15476,dog
1548,cat
15487,cat
15491,cat
15498,cat
15505,cat
15510,cat
15513,dog
15516,cat
15521,cat
15524,dog
15525,cat
15533,cat
15539,cat
15543,cat
15544,dog
15548,cat
15551,cat
15552,dog
15554,cat
15556,dog
15557,cat
15559,cat
15561,dog
15563,cat
15576,dog
15579,cat
15582,cat
15593,cat
15594,dog
15595,dog
15611,cat
15614,dog
15616,dog
15617,cat
1562,cat
15622,cat
15624,dog
15628,dog
15631,dog
15637,cat
1564,dog
15641,cat
15661,dog
15667,dog
15680,dog
15683,cat
15685,dog
15694,cat
1570,cat
15700,cat
15703,cat
15706,cat
15710,dog
15713,dog
15718,cat
15719,dog
15724,dog
15727,cat
1574,dog
15746,cat
15748,dog
15749,cat
15751,dog
15752,dog
15755,cat
15759,dog
15764,cat
15770,cat
15771,cat
15772,cat
15775,cat
15781,dog
1579,cat
15793,cat
15794,cat
15797,dog
15800,cat
1581,dog
15817,dog
1582,cat
15821,dog
15827,cat
15832,cat
15833,dog
15839,cat
15841,dog
15845,cat
15847,dog
15858,cat
15861,dog
15863,dog
15865,cat
15868,dog
15870,dog
15872,dog
15874,cat
15877,cat
15880,dog
15883,cat
15892,dog
15900,dog
15901,cat
15909,dog
15919,cat
1592,dog
15923,cat
15924,cat
15928,cat
15929,dog
15935,cat
15943,cat
15949,dog
1595,cat
15954,cat
15958,cat
15964,dog
15972,cat
15973,dog
15976,cat
1598,dog
15980,dog
15984,cat
15986,cat
15988,dog
15991,dog
15999,cat
16006,cat
16014,dog
16029,cat
1603,cat
16032,dog
16034,cat
16037,cat
16040,dog
16046,cat
16050,cat
1606,cat
16065,dog
16073,cat
16088,cat
16091,cat
16092,dog
16093,cat
16099,cat
16100,cat
16107,cat
16108,dog
16110,dog
16129,dog
16136,dog
1614,cat
16151,cat
16154,cat
16157,dog
16180,dog
16183,cat
16188,cat
16189,dog
16191,dog
16199,dog
16206,cat
16207,cat
16210,dog
16212,cat
16217,cat
16218,cat
1623,dog
16232,cat
1625,cat
16259,cat
16263,cat
16283,dog
16287,cat
16292,dog
16303,cat
16304,dog
16313,dog
16317,cat
16329,dog
16333,dog
16336,cat
16338,dog
16343,cat
16346,dog
16347,cat
16352,dog
16365,dog
1637,cat
16372,dog
16377,cat
16382,cat
16385,cat
16390,dog
16401,cat
16404,dog
16407,cat
16408,cat
1642,dog
16447,cat
16450,dog
1646,dog
16462,cat
16467,cat
16469,dog
16481,cat
16482,dog
16488,cat
16489,dog
16500,cat
16510,dog
16513,dog
16522,dog
16534,dog
16540,dog
16541,cat
16545,dog
16547,cat
16554,dog
16557,cat
16558,cat
1656,dog
16562,cat
16566,dog
1657,cat
16578,cat
16580,dog
16591,dog
16593,dog
1660,dog
16603,dog
16604,dog
16606,cat
16607,dog
16608,cat
16615,cat
16616,dog
16617,cat
16622,cat
16632,cat
16639,dog
16641,dog
16645,cat
16648,cat
16653,cat
1666,cat
16667,cat
16669,cat
16670,cat
16672,cat
16673,cat
16674,dog
16675,dog
16685,cat
16687,dog
16692,dog
1670,cat
16701,cat
16702,cat
16704,cat
16709,cat
1671,cat
16710,dog
16714,cat
16716,cat
16719,dog
1672,cat
16720,cat
16732,cat
1674,cat
16743,cat
16746,cat
16752,cat
1676,dog
16764,cat
16771,cat
16773,dog
16777,dog
1678,cat
16786,dog
16787,dog
16788,cat
16797,cat
16799,dog
16802,cat
16806,dog
16809,cat
16810,dog
16813,dog
16816,dog
1682,dog
16821,cat
16832,cat
16836,cat
16837,dog
16838,cat
16844,cat
16846,cat
16853,dog
16855,cat
1686,cat
16862,cat
16863,cat
16868,dog
16869,cat
16871,cat
16876,dog
16886,cat
16887,dog
16888,dog
16897,dog
16909,dog
16913,dog
16915,cat
16924,cat
16927,cat
16929,dog
16940,dog
16942,dog
16944,dog
16947,dog
16959,cat
16960,dog
16964,cat
1697,dog
16971,dog
16975,cat
16977,cat
16978,dog
16982,cat
16984,cat
16986,cat
17008,cat
17016,dog
17017,cat
1702,cat
17039,cat
17046,cat
17055,cat
1706,cat
17069,cat
17079,cat
17083,cat
17088,dog
1709,cat
17090,cat
17091,cat
17093,cat
17095,cat
17097,cat
17098,dog
17099,cat
17104,dog
17106,cat
17111,dog
17112,cat
17115,dog
17116,cat
17117,dog
17122,cat
17125,cat
17131,dog
17142,dog
17151,cat
17154,dog
17156,cat
17158,cat
17162,dog
17168,dog
17170,cat
17177,cat
17189,dog
17196,cat
17198,dog
1720,cat
17200,cat
17202,cat
17203,dog
17204,dog
17206,cat
17207,cat
17208,cat
17209,cat
17215,dog
17226,cat
17246,dog
17251,cat
17252,cat
1727,dog
17271,dog
17278,cat
17284,cat
17289,dog
17294,dog
17304,dog
17305,dog
17306,cat
1731,cat
17313,dog
17317,cat
17321,dog
17329,dog
17330,cat
17344,cat
17347,dog
17358,cat
17371,cat
17389,cat
1739,cat
17391,dog
17407,cat
17409,cat
17416,dog
17419,dog
17427,cat
17428,cat
1743,cat
17431,dog
17438,dog
17445,dog
17449,cat
17471,cat
17477,dog
17478,cat
17479,cat
1748,cat
17484,cat
17488,cat
1749,dog
17492,dog
17493,cat
17495,dog
17502,cat
17503,cat
17508,dog
1752,cat
17525,cat
17535,dog
17539,cat
17544,cat
17549,cat
17562,cat
17568,dog
17574,dog
17586,dog
17587,cat
17596,dog
17601,cat
17617,cat
17618,dog
17619,dog
17622,cat
17628,cat
17631,dog
17633,cat
17634,dog
17647,cat
17649,cat
17654,cat
17655,dog
17658,cat
17659,cat
1766,cat
17683,cat
17684,dog
17690,dog
17692,cat
17703,dog
17704,cat
17708,dog
17709,cat
1771,dog
17714,dog
17716,cat
1772,dog
17732,cat
17734,cat
17738,cat
17747,cat
17753,dog
17755,cat
17761,cat
17769,dog
1777,cat
17770,cat
17771,cat
17780,dog
17782,dog
17783,dog
17784,cat
17789,cat
17791,cat
17798,dog
17799,dog
17800,dog
17813,dog
17817,dog
17823,dog
17828,cat
17834,cat
1784,cat
17841,cat
17847,cat
17851,cat
17854,cat
17856,dog
17860,cat
17863,dog
17864,cat
17866,cat
17873,cat
17874,cat
17880,dog
17884,cat
17885,cat
17896,dog
17903,cat
17913,dog
17914,cat
17919,cat
17924,cat
17926,dog
17931,cat
17939,cat
17942,cat
17947,dog
17948,cat
17949,cat
17950,cat
17959,dog
17965,cat
17969,dog
17971,cat
17975,cat
17976,cat
17980,dog
17981,cat
17982,dog
17987,cat
17988,cat
17993,dog
17995,cat
18007,cat
18012,dog
18016,cat
18017,dog
18019,dog
1802,cat
18025,dog
18031,dog
1804,dog
18042,dog
18044,dog
18046,cat
18053,cat
18055,cat
18066,dog
18067,dog
18071,dog
18079,dog
18083,cat
18084,dog
18086,cat
18098,cat
18099,dog
18102,cat
18105,cat
18109,dog
1811,cat
18112,dog
18114,dog
1812,cat
1813,dog
18132,cat
18134,cat
1814,dog
18143,dog
18174,dog
18178,dog
1819,cat
18191,cat
18198,dog
18200,cat
18204,dog
18208,cat
18212,cat
18225,cat
18229,cat
18234,dog
18236,dog
18240,dog
18243,dog
18253,cat
1826,cat
18262,dog
18272,cat
18273,cat
18278,dog
18281,cat
18286,cat
18288,dog
18290,dog
18294,cat
18299,dog
18301,cat
18306,cat
18308,cat
18311,dog
18312,cat
18320,cat
1833,dog
18330,cat
18331,cat
18332,cat
18336,cat
18352,cat
18357,cat
18358,dog
18359,cat
18364,dog
18366,cat
18372,cat
18375,dog
18384,cat
18385,cat
18390,dog
18391,dog
18400,cat
18402,dog
18404,cat
18408,cat
1841,cat
18410,dog
18415,dog
18417,cat
18424,dog
18430,cat
18434,cat
18437,dog
18447,cat
18452,dog
1846,cat
18465,cat
18469,dog
18473,dog
18475,dog
18483,cat
18487,dog
18494,cat
18500,dog
18503,cat
18506,dog
18507,cat
1851,cat
18515,dog
18517,cat
18518,cat
18519,dog
18521,dog
1853,cat
18530,cat
18533,dog
18535,cat
18552,cat
18555,cat
18562,cat
18566,cat
18569,dog
18589,cat
18599,dog
18600,dog
18605,cat
18608,cat
18613,cat
18615,cat
18617,cat
18621,cat
18632,cat
18635,cat
18636,dog
18641,cat
18646,dog
18653,cat
18655,cat
18664,cat
18666,cat
18667,cat
18671,dog
18673,dog
18675,dog
18684,dog
18686,cat
18687,dog
1869,cat
18692,cat
18694,cat
18697,dog
18701,dog
18703,cat
18706,dog
18711,dog
18712,dog
18716,cat
18720,cat
18722,dog
18723,cat
18724,dog
1873,cat
18732,dog
18733,dog
18740,cat
18741,dog
18746,dog
18751,dog
18753,dog
18760,cat
18766,dog
18769,cat
18774,cat
18775,dog
18792,dog
18800,dog
18801,cat
18803,dog
18806,dog
18813,cat
18816,cat
18817,dog
1882,cat
18821,cat
18828,cat
1883,dog
18839,dog
18847,cat
18849,dog
18858,cat
18862,cat
18865,dog
18866,cat
18878,dog
18890,cat
18896,cat
18897,dog
18899,cat
18904,cat
18908,dog
1891,cat
18910,cat
18919,cat
18920,cat
18924,cat
18926,dog
18928,dog
18930,dog
18934,dog
18936,cat
18938,cat
18940,dog
18949,cat
18954,dog
18955,dog
18959,cat
18960,cat
18971,cat
18973,cat
18974,cat
18978,dog
18979,dog
18984,cat
18989,dog
18994,cat
18998,cat
19000,cat
19001,dog
19002,dog
19005,dog
19007,cat
19024,cat
1903,cat
19031,dog
19033,cat
19043,cat
19047,dog
19048,cat
19057,dog
19061,cat
19066,cat
19074,cat
19075,dog
19079,dog
19088,dog
19092,cat
19099,dog
19112,cat
19122,dog
19133,cat
1914,dog
19141,cat
19142,cat
19146,cat
19147,dog
19149,cat
1915,cat
19150,cat
19156,cat
19158,cat
19160,dog
19177,dog
19184,cat
19186,cat
19189,cat
19190,dog
19197,cat
19198,dog
19201,dog
19202,cat
19213,dog
19220,cat
19226,cat
19231,dog
19232,dog
19239,cat
1924,cat
19245,cat
19249,dog
19252,cat
19262,cat
1928,cat
19280,cat
19283,cat
19286,cat
19291,cat
19292,cat
19295,dog
19306,dog
19317,dog
19324,dog
19325,dog
19326,cat
19328,dog
19339,dog
19343,cat
19344,cat
19345,cat
19346,dog
19348,cat
19358,cat
19360,dog
19367,dog
19368,cat
19372,dog
19385,cat
19389,dog
19392,dog
19393,dog
19394,dog
19399,cat
1940,dog
19400,cat
19403,cat
19406,cat
19413,cat
1942,dog
19423,cat
1944,cat
19447,dog
19450,dog
1946,dog
19460,cat
19468,cat
19474,cat
19476,cat
19486,cat
1949,cat
19496,cat
1950,cat
19501,dog
19507,dog
19508,dog
19513,cat
19514,dog
1952,dog
19523,cat
19525,cat
19531,cat
19534,cat
1954,cat
19542,dog
19546,dog
19547,cat
19549,dog
19555,cat
19559,dog
19563,cat
19564,cat
19566,cat
19575,cat
19579,cat
19586,cat
19587,cat
19597,dog
19598,cat
19604,dog
19605,dog
19607,dog
19614,dog
19616,dog
19625,dog
19627,dog
1963,dog
19633,cat
19634,dog
19640,dog
19641,dog
19648,cat
1966,dog
19662,dog
19668,dog
19680,cat
19681,cat
19696,cat
1970,cat
19705,dog
19706,cat
19710,dog
19717,cat
19719,cat
19725,cat
19731,cat
19738,cat
1974,cat
19741,dog
19746,cat
19747,dog
1975,cat
19755,cat
19759,cat
19760,dog
19768,dog
1977,cat
1978,cat
19781,cat
19785,cat
19787,cat
19806,cat
19812,dog
19816,cat
19826,cat
19831,dog
19835,dog
19837,cat
1984,cat
19843,cat
19852,cat
19856,cat
19860,cat
19866,dog
19869,cat
19871,dog
19877,dog
19878,cat
1988,dog
19885,dog
19889,dog
19890,cat
19892,dog
19897,cat
19898,cat
19904,dog
1991,cat
19910,dog
19918,dog
19919,cat
19923,dog
19929,cat
19934,cat
19935,dog
19937,cat
19941,dog
19949,cat
19955,dog
19957,dog
1996,cat
19963,cat
19968,cat
1997,cat
19970,dog
19973,cat
1998,dog
19980,cat
19981,cat
19990,cat
20001,cat
20008,dog
20009,dog
2001,cat
20010,cat
20028,dog
20032,dog
20034,dog
20037,dog
20047,cat
20049,cat
20051,dog
20056,dog
20059,cat
20062,dog
20065,cat
20068,cat
20074,cat
20075,cat
20089,cat
2009,cat
20094,dog
20095,cat
20098,cat
20103,dog
20108,dog
20122,dog
20124,cat
20132,cat
20136,cat
20141,cat
20146,dog
20154,cat
20159,cat
20169,cat
2017,dog
20177,cat
20179,cat
20183,cat
20187,dog
20194,dog
20199,cat
20201,dog
20209,dog
20220,cat
20222,cat
20225,cat
20229,dog
20230,dog
20231,cat
20234,dog
20238,dog
2024,dog
20250,cat
20251,cat
20254,cat
20255,dog
20260,cat
20261,dog
20271,cat
20272,dog
2029,dog
20293,cat
20294,dog
20296,cat
2030,dog
20301,cat
20312,dog
20333,cat
20334,cat
20335,cat
20338,cat
20343,cat
20347,cat
20348,cat
20350,cat
20351,cat
20359,cat
20366,dog
20368,dog
20369,cat
20380,dog
20383,cat
20390,cat
20393,cat
20399,dog
20403,dog
20405,cat
20406,dog
20407,dog
2041,dog
20413,dog
20415,cat
20421,cat
20424,dog
2043,cat
20431,dog
20433,cat
20437,dog
20439,cat
20440,dog
20441,dog
20450,cat
20451,cat
20453,cat
20459,dog
20463,dog
20468,dog
2047,cat
20473,cat
20483,cat
20486,cat
20487,dog
20494,dog
20496,cat
20499,cat
20503,cat
20512,cat
20516,cat
20526,cat
20527,cat
20535,dog
20543,cat
20546,cat
20554,dog
20555,dog
20560,dog
20563,cat
20564,cat
20566,cat
2057,cat
20572,cat
2058,dog
20588,cat
2059,dog
20592,cat
20596,cat
20603,cat
20610,dog
20627,dog
2064,cat
20651,cat
20656,cat
20664,cat
20667,dog
20670,dog
20673,dog
20677,cat
20679,dog
20695,cat
2070,cat
20700,cat
20703,dog
20708,cat
20714,cat
20716,cat
20719,cat
2072,dog
20726,cat
20740,dog
20746,dog
20749,cat
20752,cat
20758,cat
20764,dog
20768,cat
20775,cat
20777,dog
2078,dog
20783,dog
20787,dog
20795,cat
20806,cat
20808,cat
20813,cat
20815,cat
20818,cat
20819,cat
20821,cat
20827,dog
2083,dog
20830,dog
20844,cat
20855,cat
20871,dog
20875,dog
20876,cat
20879,cat
20881,dog
20886,dog
20896,cat
20898,dog
20899,cat
20906,cat
20908,cat
20909,dog
20912,dog
20914,cat
20916,cat
20917,cat
20918,dog
20939,cat
20941,cat
20943,dog
20944,cat
2095,dog
20950,cat
20959,cat
20971,dog
20973,dog
2098,cat
20984,cat
21001,dog
21008,dog
21019,dog
21025,dog
21027,dog
21036,dog
2104,cat
21042,cat
21044,dog
21046,cat
21051,cat
21052,cat
21053,cat
21054,dog
21056,cat
21075,dog
21081,dog
21085,dog
21087,cat
21089,cat
21092,cat
21094,cat
2110,cat
21100,cat
21102,dog
21110,cat
21113,cat
21114,dog
21115,dog
2112,dog
21124,dog
21125,dog
21129,cat
21133,dog
21136,cat
21138,cat
21139,dog
21142,cat
21149,cat
2115,cat
21154,cat
21158,cat
21160,dog
21174,dog
21179,dog
21183,cat
21184,cat
21186,dog
21192,dog
21199,dog
21201,dog
21202,dog
21203,cat
2121,cat
21210,cat
21218,cat
21227,dog
21238,cat
21239,cat
21244,dog
21247,dog
21252,dog
21253,cat
21260,dog
21262,dog
21263,cat
21265,cat
21276,cat
21278,dog
2128,dog
21282,dog
21285,dog
21290,dog
21315,dog
21319,cat
21321,cat
21323,cat
21327,cat
21329,dog
21333,cat
21337,dog
2134,cat
21340,dog
21345,cat
21348,dog
21352,cat
21355,cat
21362,cat
21372,cat
21380,dog
21383,cat
2139,cat
21393,cat
21397,dog
21404,cat
21405,cat
21407,dog
21412,cat
21415,cat
21420,dog
21422,cat
21423,cat
21429,cat
2143,dog
2145,cat
21450,dog
21451,dog
21453,cat
21454,dog
21456,dog
21461,dog
21489,cat
21492,dog
21493,dog
2150,dog
21501,cat
21510,cat
2152,cat
21525,cat
21528,cat
21537,cat
21538,cat
21542,cat
21549,dog
21554,dog
21555,dog
21559,dog
21562,dog
21563,dog
21564,dog
21566,cat
21567,cat
21568,dog
2157,cat
21570,cat
21573,dog
21578,cat
21579,cat
21584,dog
21592,cat
21596,cat
21601,dog
21606,cat
21607,cat
21613,cat
21619,dog
21623,cat
21626,dog
2163,cat
21635,cat
21643,dog
21654,cat
21655,cat
21659,dog
21664,cat
2167,dog
21670,cat
21673,dog
21674,dog
21675,cat
21684,cat
21691,dog
21698,dog
21706,dog
21708,cat
21717,cat
21725,cat
21727,dog
21728,cat
21732,dog
21741,cat
21742,dog
21745,cat
21750,cat
21765,dog
21768,cat
2177,cat
21773,cat
21775,dog
21784,cat
21789,cat
21791,cat
21793,cat
21798,cat
21799,cat
21803,dog
21804,cat
2181,cat
21820,dog
21822,cat
21828,cat
21829,cat
2183,cat
21832,cat
21840,dog
21843,dog
2185,dog
21853,cat
21854,cat
21855,dog
21857,dog
2186,cat
21861,dog
21872,dog
21877,dog
2188,cat
21880,cat
21883,cat
21888,dog
21889,dog
2189,cat
21893,cat
21897,cat
21908,cat
21920,dog
21925,cat
21926,cat
21931,dog
21932,cat
21938,dog
21951,cat
21953,dog
21955,dog
21957,cat
2196,dog
21960,cat
21962,cat
21974,cat
21975,cat
21978,cat
21979,cat
2198,cat
21983,cat
21987,dog
21988,cat
21992,cat
21997,cat
21999,dog
22001,cat
22002,dog
22004,cat
22005,cat
22006,dog
22007,dog
22009,dog
22011,cat
22018,dog
22021,dog
22034,cat
22036,cat
22039,cat
22041,dog
22042,dog
22043,cat
22044,cat
2205,dog
22057,dog
22064,dog
22066,cat
2207,cat
22077,cat
22081,dog
22091,dog
22094,cat
22098,dog
22103,dog
22108,cat
2211,cat
22113,dog
22121,cat
22124,cat
22125,cat
22132,dog
22133,cat
22135,cat
2214,cat
22140,cat
22141,cat
2215,cat
22153,dog
22161,dog
22164,dog
22168,dog
22169,dog
22170,cat
22176,cat
22178,cat
2218,dog
22180,dog
22182,dog
22189,cat
2219,cat
22193,cat
22195,cat
22196,dog
22202,cat
22204,dog
22212,dog
22214,cat
22225,cat
22228,cat
22231,cat
22232,cat
22239,dog
22244,dog
22245,cat
22246,cat
22247,dog
22249,cat
22252,dog
22257,cat
22259,dog
22266,cat
22270,dog
22273,dog
22274,dog
22279,dog
22286,dog
22291,dog
22297,cat
2230,cat
22308,dog
22311,dog
22315,dog
22322,cat
22323,cat
22329,cat
2233,cat
22333,cat
22334,cat
22338,cat
22344,cat
22360,dog
22371,cat
22372,cat
22376,cat
22398,cat
22399,dog
2240,dog
22401,cat
22405,cat
22415,cat
22416,cat
22419,cat
22423,dog
22429,cat
22431,cat
22435,cat
22436,cat
22444,dog
22445,cat
22446,dog
22450,dog
22458,cat
22465,cat
22469,dog
22477,cat
22488,cat
22496,cat
22499,dog
22503,dog
22506,dog
22507,dog
2251,dog
22513,cat
22515,cat
22517,dog
22520,cat
22527,dog
22531,dog
22533,cat
22535,cat
22536,cat
22537,dog
22538,cat
22545,dog
22554,dog
22556,dog
22557,cat
22559,cat
22562,dog
22566,cat
22572,cat
22584,cat
22586,cat
22588,cat
22590,cat
22608,cat
22609,dog
22612,cat
22615,cat
22616,dog
22621,cat
22622,dog
22624,cat
22629,dog
22630,dog
22644,dog
22655,dog
22661,cat
22666,dog
22671,cat
22677,cat
22680,cat
22684,cat
22689,cat
2269,cat
22690,cat
22693,cat
22696,cat
22698,dog
22699,cat
22708,dog
22718,dog
22721,dog
2273,dog
22731,dog
22733,cat
22738,dog
22744,cat
22748,cat
22755,cat
22759,dog
22761,dog
22762,dog
22768,dog
22770,cat
22790,cat
22791,dog
22795,cat
22797,dog
22809,dog
22810,dog
22814,dog
22815,cat
22817,cat
22819,dog
22825,dog
22830,cat
22833,dog
22836,dog
22838,dog
22845,cat
22851,cat
22852,cat
22854,cat
22855,cat
22857,cat
22873,cat
22891,dog
22904,dog
22912,cat
22915,cat
22921,dog
22935,dog
22939,cat
2294,cat
22941,cat
22951,cat
2296,dog
22962,cat
22966,cat
22967,dog
22969,cat
22974,cat
22978,cat
22979,cat
22989,dog
2299,cat
22992,cat
22996,dog
22999,dog
23005,dog
23012,dog
23015,cat
23025,cat
23026,cat
23035,cat
23040,cat
23043,cat
23044,dog
23050,cat
23052,cat
23055,dog
23058,cat
23069,dog
2307,dog
23083,dog
23084,cat
23094,cat
23096,cat
23098,cat
23104,cat
23108,cat
23116,cat
23124,dog
23144,cat
23146,cat
23151,cat
23154,cat
23161,dog
23168,dog
2317,dog
23171,dog
23178,cat
23181,cat
23182,dog
23183,cat
23191,dog
23192,cat
23195,cat
23198,dog
2320,cat
23206,cat
23227,dog
23229,dog
23231,cat
23232,cat
23233,dog
23236,dog
23244,cat
2325,cat
23256,dog
2327,dog
23270,dog
23271,dog
23272,cat
23275,cat
23277,cat
23278,cat
23290,dog
23292,cat
23294,cat
2330,cat
23302,cat
23317,cat
23318,dog
2332,cat
23320,dog
23324,cat
23330,dog
23336,dog
23337,cat
23339,dog
23341,cat
23342,cat
2335,dog
23355,dog
23357,dog
23358,dog
23366,dog
23374,dog
23382,cat
23386,cat
23388,dog
23391,dog
23393,dog
23396,cat
23399,cat
23402,cat
23406,cat
23417,dog
23423,dog
23428,cat
23429,dog
23436,dog
23438,dog
23450,dog
23452,dog
23469,dog
2347,cat
23473,cat
23475,cat
23477,cat
23485,cat
23490,dog
23495,dog
23502,cat
23506,cat
23507,dog
23509,dog
23512,dog
23514,cat
23515,dog
23528,cat
23530,dog
23532,dog
23543,cat
23549,cat
23552,dog
23553,cat
23555,cat
23556,cat
2356,cat
23563,dog
2357,cat
23572,cat
23576,cat
23577,dog
23578,dog
23581,cat
23589,dog
23592,dog
23600,cat
23602,cat
23603,cat
23604,cat
23605,dog
23609,dog
23611,cat
23612,dog
23617,dog
23623,cat
23628,cat
23636,dog
23644,cat
23654,cat
23658,dog
23661,dog
23664,dog
23672,dog
23677,dog
2368,cat
23688,dog
23689,cat
23694,cat
23698,cat
23701,cat
23702,dog
23706,cat
23717,dog
23727,dog
23731,cat
23736,cat
23742,cat
23749,dog
23755,dog
23757,cat
23759,dog
23766,dog
23768,cat
23780,dog
23781,dog
23782,dog
23789,dog
23800,cat
23801,dog
23802,dog
23805,cat
2381,dog
23811,cat
23823,cat
23829,cat
23832,cat
23834,dog
23839,cat
23842,cat
23844,cat
23850,dog
23851,cat
23859,dog
23864,cat
2387,cat
23871,cat
23875,dog
2388,dog
23884,dog
23885,dog
23889,cat
23891,dog
23894,cat
2390,cat
23903,cat
2391,dog
23913,cat
23914,cat
23917,dog
23919,dog
2393,cat
23930,dog
23932,cat
23939,dog
23940,dog
23947,dog
23960,dog
23962,cat
23963,cat
23969,cat
23970,dog
23977,cat
2399,cat
24000,cat
24004,dog
24007,cat
24008,cat
24020,dog
24022,cat
24023,cat
24034,cat
24035,cat
24037,cat
24038,cat
2404,cat
24043,cat
2405,cat
24051,cat
24060,cat
24074,dog
24078,cat
24096,dog
24100,cat
24102,dog
24105,cat
24109,cat
24110,dog
24113,cat
24115,cat
24117,dog
24123,dog
24133,cat
24137,dog
24142,cat
24143,cat
24153,dog
24159,dog
24168,dog
24182,dog
24188,cat
24191,cat
24193,cat
24195,dog
24196,cat
24211,cat
24213,dog
24214,cat
24215,cat
24219,cat
24233,dog
24241,cat
24245,dog
24249,dog
24261,cat
24272,cat
24276,cat
24277,cat
24288,dog
24314,cat
24316,dog
24319,cat
24327,dog
24334,cat
24338,dog
24339,cat
2434,cat
24342,dog
24343,cat
24344,dog
2435,cat
24354,dog
2437,cat
24371,cat
24372,dog
24384,cat
24387,cat
24394,dog
24403,cat
24404,cat
24405,cat
24413,cat
24414,dog
24416,cat
24417,dog
24419,cat
24427,cat
24433,cat
24434,dog
24445,dog
24447,cat
24456,dog
24462,cat
24466,dog
24474,cat
24483,dog
24485,cat
24486,cat
24503,cat
24510,dog
24514,cat
24515,cat
24527,dog
24536,cat
24537,cat
24548,cat
24551,dog
24554,dog
24559,cat
24566,dog
24568,cat
24575,dog
24578,dog
2458,dog
24582,cat
24586,cat
24594,cat
24595,cat
24604,dog
2461,dog
24621,dog
24623,dog
2463,dog
24633,dog
24638,cat
24639,cat
24648,cat
24652,dog
24657,dog
2466,dog
24660,dog
24661,dog
24667,cat
24670,dog
24671,cat
24674,cat
24688,cat
24690,cat
24693,cat
24697,dog
2470,dog
24704,cat
24708,dog
24715,cat
24717,dog
2472,dog
24721,cat
24722,dog
24724,cat
24727,cat
24730,cat
24732,cat
24737,dog
24746,cat
2476,cat
24760,cat
24761,cat
24762,dog
24767,cat
24769,dog
24773,cat
24782,dog
24789,cat
2479,cat
24792,dog
24793,cat
24795,cat
24798,dog
24808,cat
24809,cat
2481,cat
24815,cat
2482,dog
24826,dog
24828,cat
24830,dog
24836,dog
24838,dog
24839,cat
24842,cat
24844,cat
24849,dog
24856,dog
2486,cat
24873,cat
2488,cat
24880,dog
2489,cat
24893,dog
24905,cat
24911,dog
24912,dog
24917,cat
24918,cat
24919,cat
24923,cat
24924,cat
24931,cat
24932,dog
24933,cat
24938,dog
24939,dog
24960,cat
24962,dog
24963,dog
24965,cat
24973,cat
24988,cat
24990,cat
24992,dog
24994,dog
24997,dog
2510,dog
2515,dog
2518,dog
2527,dog
2532,dog
2539,cat
2540,cat
2542,cat
2543,cat
2545,cat
2547,dog
2550,dog
2555,cat
2562,cat
2566,dog
2570,dog
2577,cat
2579,cat
2588,cat
2590,cat
2591,dog
2596,cat
2599,cat
2605,dog
2608,dog
2614,cat
2627,cat
2628,dog
2629,cat
2630,dog
2636,dog
2655,cat
2656,cat
2663,cat
2670,dog
2671,cat
2682,dog
2687,dog
2692,dog
2712,dog
2718,cat
2720,cat
2744,cat
2746,cat
2751,cat
2752,cat
2754,dog
2762,dog
2771,cat
2773,cat
2776,dog
2785,dog
2786,cat
2787,cat
2792,cat
2794,cat
2799,cat
2800,cat
2801,cat
2804,dog
2817,cat
2818,dog
2828,cat
2833,dog
2838,dog
2844,dog
2845,cat
2847,cat
2849,cat
2850,cat
2866,cat
2867,dog
2881,cat
2882,cat
2888,cat
2895,cat
2901,cat
2913,cat
2914,dog
2917,dog
2919,dog
2928,dog
2937,dog
2946,cat
2949,cat
2951,cat
2952,dog
2953,cat
2955,cat
2963,cat
2968,dog
2970,dog
2971,dog
2972,cat
2975,cat
2976,cat
2982,dog
2987,dog
2991,cat
2999,cat
3009,cat
3015,cat
3021,cat
3023,cat
3028,dog
3029,cat
3033,cat
3034,cat
3049,cat
3051,cat
3085,cat
3087,cat
3098,cat
3111,dog
3121,dog
3126,dog
3130,cat
3133,cat
3149,cat
3151,dog
3154,cat
3157,cat
3158,cat
3159,cat
3160,cat
3162,dog
3169,dog
3170,dog
3173,dog
3176,cat
3177,cat
3178,cat
3179,cat
3187,cat
3192,cat
3194,dog
3195,cat
3203,cat
3205,cat
3206,dog
3207,dog
3213,dog
3219,cat
3222,dog
3223,dog
3224,dog
3225,dog
3228,cat
3229,cat
3230,cat
3231,cat
3236,cat
3250,cat
3262,cat
3264,cat
3265,cat
3270,cat
3272,cat
3277,dog
3280,dog
3287,cat
3298,dog
3303,cat
3314,cat
3318,cat
3322,cat
3324,dog
3329,cat
3333,cat
3341,cat
3358,cat
3368,dog
3372,dog
3375,cat
3380,dog
3381,cat
3395,cat
3404,cat
3405,dog
3407,dog
3411,cat
3417,dog
3419,dog
3420,cat
3421,cat
3443,dog
3450,cat
3457,dog
3462,dog
3469,dog
3472,dog
3474,dog
3475,cat
3489,dog
3503,dog
3506,dog
3523,cat
3538,dog
3540,dog
3548,cat
3554,dog
3557,cat
3559,cat
3560,dog
3563,dog
3571,dog
3582,dog
3593,cat
3606,cat
3619,cat
3627,cat
3629,cat
3632,dog
3633,dog
3635,dog
3645,cat
3652,cat
3654,cat
3656,dog
3659,dog
3664,dog
3666,dog
3668,dog
3670,dog
3671,dog
3675,dog
3684,dog
3687,cat
3698,cat
3704,cat
3705,dog
3706,cat
3710,dog
3712,dog
3721,cat
3725,cat
3726,cat
3732,dog
3744,dog
3749,dog
3753,cat
3761,dog
3762,cat
3765,dog
3771,dog
3772,cat
3776,cat
3782,dog
3783,dog
3792,cat
3799,dog
3805,cat
3806,dog
3813,cat
3820,dog
3824,dog
3828,cat
3835,cat
3846,cat
3847,dog
3851,dog
3859,cat
3860,cat
3866,cat
3873,dog
3874,dog
3882,dog
3884,dog
3887,dog
3892,cat
3894,cat
3895,cat
3898,cat
3902,dog
3908,cat
3912,dog
3915,dog
3918,dog
3928,dog
3935,cat
3936,cat
3946,cat
3952,dog
3953,cat
3954,dog
3957,dog
3958,cat
3964,cat
3966,dog
3967,dog
3968,cat
3976,dog
3980,dog
4010,cat
4013,dog
4019,dog
4024,dog
4028,cat
4031,dog
4033,cat
4035,cat
4040,cat
4052,cat
4055,dog
4062,cat
4064,cat
4067,cat
4069,dog
4086,dog
4092,dog
4096,dog
4100,cat
4101,cat
4111,dog
4115,cat
4118,cat
4125,cat
4126,dog
4130,cat
4134,cat
4139,cat
4156,dog
4164,cat
4170,cat
4172,dog
4175,dog
4183,dog
4186,cat
4209,cat
4221,cat
4224,cat
4227,dog
4245,dog
4254,dog
4257,dog
4263,dog
4265,cat
4267,dog
4268,dog
4274,cat
4276,dog
4278,dog
4279,dog
4280,cat
4284,dog
4289,dog
4296,cat
4306,dog
4308,cat
4311,cat
4313,cat
4314,cat
4327,cat
4328,cat
4331,dog
4334,dog
4339,dog
4343,dog
4344,dog
4346,cat
4356,dog
4373,cat
4374,cat
4376,dog
4377,cat
4384,cat
4385,dog
4389,cat
4402,cat
4412,cat
4413,dog
4422,dog
4425,cat
4426,dog
4430,cat
4432,cat
4438,dog
4439,cat
4453,cat
4454,dog
4455,dog
4457,cat
4477,dog
4479,cat
4486,dog
4492,dog
4497,dog
4500,cat
4502,dog
4503,cat
4506,dog
4513,dog
4528,dog
4532,dog
4533,cat
4544,cat
4546,cat
4549,cat
4550,dog
4554,dog
4559,cat
4560,cat
4564,dog
4565,cat
4567,cat
4573,dog
4575,cat
4576,cat
4577,dog
4579,dog
4587,dog
4589,dog
4598,cat
4600,dog
4605,cat
4610,dog
4611,cat
4616,cat
4620,cat
4629,dog
4638,cat
4640,cat
4644,cat
4666,cat
4670,cat
4671,cat
4675,dog
4681,cat
4684,cat
4687,cat
4688,cat
4689,dog
4691,cat
4693,cat
4698,cat
4699,dog
4700,dog
4718,cat
4727,dog
4730,cat
4736,cat
4755,cat
4757,cat
4762,cat
4768,cat
4777,dog
4778,cat
4781,cat
4788,cat
4792,cat
4796,cat
4798,cat
4800,dog
4805,cat
4823,dog
4827,cat
4829,cat
4831,cat
4834,cat
4837,cat
4845,cat
4848,dog
4854,cat
4856,dog
4857,dog
4858,cat
4862,dog
4863,cat
4876,cat
4878,cat
4881,cat
4883,dog
4888,dog
4903,dog
4904,cat
4921,cat
4927,cat
4934,dog
4938,cat
4939,cat
4940,cat
4941,dog
4943,dog
4945,cat
4969,dog
4977,cat
4980,dog
4985,cat
4989,cat
4993,dog
4996,dog
4999,dog
5003,cat
5004,cat
5013,cat
5021,cat
5024,dog
5026,cat
5032,cat
5033,dog
5034,cat
5047,cat
5048,dog
5056,dog
5061,dog
5063,cat
5064,cat
5065,dog
5066,cat
5069,cat
5073,dog
5078,dog
5079,cat
5084,cat
5088,cat
5097,cat
5099,dog
5103,cat
5108,cat
5111,cat
5114,cat
5121,cat
5122,dog
5125,cat
5126,cat
5130,dog
5135,cat
5137,cat
5139,dog
5143,dog
5148,cat
5151,cat
5156,cat
5160,dog
5170,dog
5180,cat
5190,cat
5192,dog
5200,dog
5212,cat
5213,cat
5235,cat
5246,dog
5249,cat
5254,dog
5267,cat
5274,dog
5278,cat
5290,dog
5296,cat
5306,cat
5315,cat
5316,cat
5323,dog
5325,dog
5336,cat
5338,cat
5340,dog
5343,cat
5348,cat
5352,dog
5353,dog
5356,cat
5362,cat
5363,cat
5365,cat
5366,cat
5368,dog
5375,cat
5380,dog
5384,cat
5392,dog
5393,cat
5417,cat
5418,cat
5423,cat
5424,cat
5426,dog
5437,dog
5449,cat
5453,dog
5455,cat
5457,dog
5459,dog
5462,cat
5465,dog
5475,cat
5476,cat
5479,cat
5480,cat
5481,dog
5485,cat
5486,cat
5488,dog
5489,dog
5498,cat
5502,cat
5508,cat
5510,cat
5516,cat
5517,cat
5519,cat
5521,cat
5531,cat
5536,dog
5543,dog
5544,cat
5552,cat
5553,cat
5562,cat
5564,dog
5568,cat
5571,dog
5572,cat
5578,cat
5593,cat
5600,dog
5608,dog
5614,dog
5617,cat
5618,cat
5619,cat
5620,cat
5630,dog
5640,cat
5648,cat
5649,cat
5656,dog
5658,cat
5659,cat
5665,dog
5671,dog
5678,cat
5684,dog
5685,dog
5687,cat
5690,cat
5692,cat
5698,dog
5699,cat
5704,cat
5711,cat
5715,cat
5716,cat
5727,cat
5734,cat
5736,dog
5737,dog
5740,dog
5744,cat
5753,dog
5754,cat
5758,dog
5764,cat
5770,cat
5777,cat
5789,cat
5790,dog
5795,dog
5800,cat
5801,dog
5803,dog
5804,cat
5816,dog
5819,cat
5825,dog
5828,cat
5843,cat
5856,cat
5859,dog
5862,cat
5865,dog
5867,dog
5868,dog
5873,cat
5881,cat
5882,dog
5896,dog
5924,cat
5925,cat
5928,cat
5935,dog
5937,cat
5938,cat
5939,dog
5943,dog
5944,cat
5952,cat
5959,cat
5969,cat
5978,dog
5982,cat
5992,cat
5995,cat
5998,cat
5999,cat
6001,cat
6002,cat
6014,dog
6019,cat
6023,cat
6024,dog
6027,dog
6037,dog
6042,dog
6043,dog
6047,cat
6050,cat
6054,cat
6056,cat
6064,cat
6065,dog
6069,cat
6070,cat
6079,dog
6086,cat
6090,cat
6104,dog
6114,dog
6115,dog
6116,dog
6118,dog
6120,cat
6127,cat
6149,cat
6152,cat
6163,cat
6166,cat
6174,cat
6190,cat
6200,cat
6202,cat
6207,dog
6209,cat
6212,cat
6216,cat
6219,dog
6222,cat
6223,cat
6227,cat
6253,cat
6258,cat
6259,dog
6260,cat
6261,dog
6270,cat
6272,dog
6273,cat
6275,cat
6277,dog
6288,cat
6289,cat
6290,dog
6300,cat
6302,dog
6307,dog
6310,cat
6321,cat
6328,cat
6333,dog
6335,cat
6337,dog
6341,dog
6343,cat
6365,cat
6366,cat
6370,cat
6371,cat
6378,cat
6379,dog
6383,dog
6386,cat
6392,cat
6408,dog
6411,cat
6413,cat
6415,cat
6416,cat
6417,cat
6424,cat
6425,dog
6427,cat
6429,dog
6433,dog
6437,dog
6444,cat
6445,cat
6454,cat
6463,cat
6464,dog
6481,cat
6485,cat
6486,cat
6491,cat
6498,cat
6499,dog
6508,cat
6510,cat
6511,cat
6517,dog
6533,dog
6540,cat
6542,dog
6543,dog
6547,cat
6561,cat
6562,cat
6563,dog
6582,dog
6587,cat
6589,dog
6596,cat
6600,cat
6603,cat
6608,cat
6612,cat
6624,cat
6630,dog
6635,cat
6639,cat
6640,cat
6643,dog
6644,dog
6651,cat
6654,cat
6658,cat
6660,dog
6670,dog
6686,dog
6696,cat
6709,dog
6713,cat
6717,cat
6721,cat
6733,dog
6737,dog
6750,cat
6751,cat
6756,dog
6770,dog
6772,cat
6773,cat
6778,cat
6794,cat
6796,cat
6801,dog
6806,dog
6812,dog
6822,cat
6833,cat
6838,cat
6839,dog
6844,dog
6845,dog
6853,dog
6854,cat
6856,dog
6860,dog
6863,cat
6875,dog
6883,dog
6887,cat
6893,cat
6904,cat
6910,cat
6913,cat
6915,cat
6920,cat
6922,cat
6923,cat
6927,dog
6940,cat
6946,cat
6947,cat
6952,cat
6955,cat
6965,cat
6975,dog
6976,cat
6979,cat
6988,dog
6994,dog
7006,cat
7007,dog
7014,cat
7016,dog
7017,cat
7024,dog
7031,cat
7032,cat
7036,dog
7037,dog
7041,cat
7042,cat
7045,cat
7054,cat
7055,cat
7059,cat
7062,cat
7065,dog
7075,dog
7077,dog
7080,dog
7082,dog
7087,dog
7092,cat
7096,dog
7098,dog
7099,cat
7100,cat
7102,dog
7115,cat
7120,dog
7121,cat
7130,cat
7134,dog
7135,dog
7144,cat
7148,cat
7160,dog
7164,cat
7168,cat
7171,dog
7179,cat
7191,dog
7193,cat
7196,cat
7208,dog
7209,cat
7216,dog
7219,cat
7224,dog
7226,dog
7243,dog
7252,dog
7253,cat
7255,cat
7259,dog
7264,cat
7266,cat
7270,cat
7284,dog
7290,cat
7292,dog
7296,cat
7298,dog
7305,cat
7306,cat
7308,cat
7310,dog
7317,cat
7320,dog
7322,cat
7326,cat
7343,dog
7354,dog
7358,dog
7359,cat
7370,cat
7373,cat
7378,cat
7379,dog
7383,cat
7386,cat
7388,dog
7389,dog
7395,dog
7403,cat
7420,cat
7423,cat
7425,dog
7427,cat
7430,cat
7431,cat
7432,cat
7438,dog
7444,dog
7446,cat
7447,cat
7452,dog
7453,dog
7457,dog
7460,dog
7461,cat
7473,cat
7482,cat
7484,cat
7493,cat
7495,dog
7496,dog
7497,dog
7504,dog
7505,cat
7508,cat
7514,cat
7515,cat
7517,dog
7518,cat
7525,dog
7528,cat
7542,cat
7547,dog
7552,cat
7557,cat
7559,dog
7560,dog
7564,cat
7565,cat
7573,dog
7588,dog
7591,cat
7594,dog
7603,dog
7608,dog
7609,dog
7615,cat
7616,dog
7618,cat
7621,cat
7623,dog
7627,cat
7630,dog
7635,cat
7636,cat
7638,dog
7650,cat
7653,dog
7656,cat
7660,cat
7662,dog
7665,cat
7669,cat
7670,cat
7682,cat
7685,cat
7694,dog
7697,dog
7698,cat
7707,cat
7713,dog
7716,dog
7723,dog
7725,cat
7729,cat
7737,dog
7743,cat
7748,cat
7760,dog
7761,dog
7765,dog
7766,cat
7767,dog
7775,cat
7782,cat
7783,cat
7798,dog
7805,dog
7812,cat
7821,cat
7826,dog
7827,cat
7835,cat
7836,dog
7839,dog
7849,dog
7856,dog
7858,cat
7860,cat
7861,cat
7877,cat
7883,dog
7887,dog
7895,cat
7902,cat
7906,cat
7913,cat
7914,cat
7921,cat
7928,dog
7936,dog
7948,dog
7949,dog
7958,dog
7959,dog
7960,cat
7967,cat
7975,cat
7979,cat
7981,cat
7984,cat
7987,cat
7990,dog
7996,cat
7997,dog
8003,dog
8006,dog
8009,cat
8010,cat
8023,dog
8025,dog
8026,cat
8027,cat
8033,cat
8036,dog
8040,dog
8045,dog
8047,cat
8054,cat
8055,cat
8056,cat
8060,cat
8062,dog
8064,cat
8071,cat
8078,dog
8080,dog
8084,dog
8086,dog
8092,cat
8098,dog
8103,dog
8105,cat
8117,cat
8119,dog
8120,dog
8121,dog
8127,cat
8130,cat
8135,dog
8144,cat
8145,dog
8147,cat
8155,cat
8168,cat
8173,dog
8181,cat
8184,cat
8189,cat
8195,dog
8205,cat
8207,cat
8221,dog
8224,cat
8226,cat
8231,cat
8235,dog
8239,dog
8247,cat
8249,dog
8250,cat
8253,cat
8255,cat
8258,dog
8261,cat
8262,cat
8263,cat
8266,cat
8268,dog
8273,cat
8276,cat
8278,cat
8280,cat
8281,cat
8291,cat
8292,cat
8300,cat
8302,dog
8305,cat
8307,cat
8308,cat
8310,cat
8313,cat
8316,cat
8320,cat
8321,cat
8323,cat
8327,cat
8333,cat
8337,dog
8340,cat
8345,dog
8347,dog
8350,dog
8354,dog
8356,dog
8359,cat
8360,dog
8373,dog
8376,cat
8381,cat
8386,cat
8389,dog
8395,dog
8397,dog
8399,cat
8402,cat
8415,dog
8418,dog
8420,cat
8424,cat
8425,dog
8436,cat
8437,dog
8439,cat
8440,cat
8445,dog
8452,dog
8456,dog
8457,cat
8459,cat
8476,dog
8480,cat
8483,cat
8492,dog
8493,cat
8507,cat
8508,cat
8512,cat
8522,cat
8524,cat
8526,cat
8528,cat
8534,dog
8535,dog
8541,cat
8546,dog
8550,cat
8553,cat
8555,cat
8560,dog
8572,cat
8575,cat
8582,dog
8587,cat
8600,dog
8601,dog
8604,dog
8609,cat
8610,dog
8611,cat
8624,cat
8628,cat
8629,cat
8631,dog
8634,dog
8637,cat
8643,cat
8644,cat
8646,cat
8672,dog
8673,dog
8674,dog
8678,cat
8681,cat
8686,dog
8687,cat
8688,cat
8689,cat
8694,dog
8701,dog
8704,cat
8710,cat
8720,cat
8723,cat
8725,dog
8728,dog
8733,dog
8737,dog
8740,dog
8752,dog
8758,dog
8763,cat
8766,cat
8777,cat
8786,dog
8789,dog
8793,cat
8806,cat
8809,dog
8815,cat
8817,dog
8818,dog
8822,cat
8828,dog
8837,dog
8839,cat
8850,cat
8851,dog
8852,cat
8853,cat
8854,cat
8860,dog
8865,dog
8866,cat
8867,cat
8871,cat
8875,cat
8876,dog
8881,dog
8896,dog
8897,dog
8916,cat
8928,cat
8934,cat
8943,cat
8951,cat
8954,cat
8962,dog
8963,dog
8970,cat
8973,cat
9003,dog
9013,cat
9020,dog
9024,dog
9039,dog
9047,dog
9057,dog
9059,cat
9065,dog
9069,cat
9073,dog
9076,cat
9078,cat
9079,cat
9081,cat
9082,cat
9083,cat
9086,dog
9087,dog
9092,cat
9101,dog
9102,cat
9103,cat
9112,cat
9118,dog
9120,dog
9130,cat
9135,cat
9138,cat
9140,dog
9141,cat
9142,cat
9143,dog
9146,cat
9154,dog
9155,dog
9169,cat
9173,cat
9178,cat
9182,dog
9191,dog
9192,cat
9200,cat
9206,dog
9211,cat
9227,cat
9249,cat
9250,cat
9255,cat
9270,cat
9271,dog
9276,dog
9288,cat
9296,cat
9298,dog
9304,cat
9305,cat
9308,dog
9309,cat
9315,cat
9321,dog
9328,cat
9338,cat
9339,cat
9341,dog
9344,dog
9345,cat
9349,dog
9361,cat
9367,cat
9368,cat
9369,cat
9370,dog
9374,cat
9378,dog
9382,dog
9384,cat
9388,dog
9393,cat
9398,cat
9400,cat
9403,dog
9405,cat
9406,dog
9407,dog
9408,dog
9409,cat
9420,cat
9422,cat
9426,dog
9435,cat
9438,dog
9446,dog
9449,cat
9451,cat
9458,cat
9466,cat
9475,cat
9492,dog
9497,dog
9500,cat
9501,cat
9509,cat
9510,cat
9523,dog
9527,cat
9530,dog
9533,dog
9541,dog
9545,dog
9549,cat
9551,dog
9561,dog
9570,dog
9573,dog
9575,cat
9585,dog
9586,dog
9594,cat
9596,dog
9603,cat
9605,cat
9608,cat
9612,cat
9613,cat
9614,dog
9619,cat
9625,cat
9627,dog
9630,cat
9645,dog
9653,cat
9655,cat
9665,dog
9668,cat
9673,dog
9688,cat
9691,cat
9696,dog
9697,cat
9703,dog
9710,cat
9715,cat
9720,cat
9732,cat
9741,dog
9752,cat
9757,cat
9781,cat
9787,cat
9790,cat
9791,cat
9801,cat
9804,cat
9807,dog
9811,dog
9813,dog
9816,dog
9822,cat
9828,dog
9835,cat
9841,dog
9842,dog
9844,cat
9846,cat
9851,dog
9853,cat
9856,dog
9858,cat
9860,dog
9871,cat
9872,cat
9875,dog
9890,dog
9898,cat
9901,dog
9903,dog
9922,cat
9923,dog
9939,cat
9940,cat
9950,cat
9952,dog
9955,cat
9956,cat
9958,dog
9961,dog
9963,dog
9965,dog
9967,cat
9968,cat
9969,dog
9972,cat
9975,dog
9978,dog
9981,cat
9993,cat
9996,cat
